time,ax,ay,az,gx,gy,gz
260615,-0.26,1.72,-0.15,8.94,-74.12,-111.43
260627,-0.12,1.71,-0.24,-7.16,-82.78,-122.4
260639,0.05,1.45,-0.23,-14.97,-84.06,-134.96
260651,0.1,1.23,-0.15,-7.77,-86.32,-154.72
260675,0.08,1.33,0.01,19.36,-101.32,-183.62
260687,0.07,1.49,0.03,25.58,-110.53,-186.12
260699,0.13,1.62,-0.04,25.77,-110.95,-179.29
260711,0.18,1.67,-0.12,19.12,-100.53,-173.68
260723,0.2,1.65,-0.14,14.61,-85.34,-168.19
260735,0.21,1.57,-0.1,14.0,-73.7,-160.82
260747,0.23,1.46,-0.02,15.22,-69.18,-153.93
260759,0.26,1.34,0.03,13.63,-69.85,-144.9
260771,0.28,1.19,0.09,10.28,-72.78,-132.89
260783,0.29,1.04,0.1,4.3,-76.32,-118.26
260795,0.27,0.88,0.08,-1.92,-80.71,-100.82
260807,0.27,0.74,0.04,-5.94,-85.77,-85.09
260819,0.27,0.63,0.03,-6.73,-90.65,-73.26
260831,0.26,0.56,0.03,-2.89,-95.71,-65.27
260843,0.25,0.54,0.01,3.27,-102.35,-59.29
260855,0.26,0.55,0.01,8.14,-108.94,-55.63
260867,0.27,0.6,0.0,10.64,-113.94,-53.68
260879,0.29,0.64,-0.01,8.63,-117.9,-52.65
260891,0.32,0.67,-0.01,6.07,-119.43,-53.26
261052,0.49,1.26,-0.11,12.23,22.04,-57.22
261064,0.49,1.31,-0.11,14.12,29.17,-44.66
261076,0.47,1.31,-0.1,14.85,33.99,-28.26
261088,0.41,1.34,-0.13,25.58,36.67,-14.35
261112,0.34,1.78,-0.05,42.84,33.62,12.17
261124,0.4,1.74,-0.04,28.27,31.0,36.13
261136,0.41,1.53,-0.02,18.82,31.49,54.79
261148,0.36,1.38,-0.04,18.45,31.18,68.51
261160,0.32,1.35,-0.07,21.74,27.28,81.38
261172,0.29,1.36,-0.13,26.44,26.24,95.34
261184,0.25,1.46,-0.16,29.73,30.15,106.5
261196,0.24,1.57,-0.15,26.01,37.22,115.46
261208,0.24,1.6,-0.13,17.29,46.12,124.37
261220,0.24,1.57,-0.13,8.69,55.39,129.24
261232,0.25,1.5,-0.13,2.47,64.6,130.71
261244,0.26,1.44,-0.13,-2.16,75.45,130.89
261256,0.24,1.36,-0.1,-6.67,86.61,132.05
261268,0.22,1.27,-0.09,-11.12,96.91,134.79
261280,0.16,1.21,-0.08,-15.82,108.26,142.72
261292,0.15,1.05,-0.04,-17.95,118.13,144.61
261304,0.1,0.94,0.01,-16.43,123.26,152.96
261316,0.07,0.89,0.05,-17.28,122.89,153.09
261328,0.06,0.88,0.05,-19.11,117.58,158.94
261486,-0.18,0.75,-0.08,-49.78,-65.16,76.87
261498,-0.14,0.77,-0.07,-46.49,-76.87,59.91
261510,-0.1,0.81,-0.09,-43.44,-85.1,43.57
261522,-0.07,0.87,-0.1,-43.2,-90.16,27.11
261546,-0.06,0.86,-0.13,-45.82,-92.11,-3.26
261558,-0.06,0.83,-0.13,-40.09,-89.43,-21.37
261570,-0.06,0.89,-0.12,-29.23,-87.23,-42.59
261582,-0.06,1.09,-0.12,-16.49,-85.65,-68.87
261594,-0.06,1.32,-0.15,-12.22,-85.16,-94.96
261606,0.01,1.47,-0.17,-14.29,-78.88,-119.48
261618,0.14,1.39,-0.14,-18.68,-63.7,-138.93
261630,0.26,1.22,-0.04,-14.23,-41.74,-162.65
261642,0.36,1.13,0.1,0.71,-15.1,-189.9
261654,0.41,1.19,0.18,16.13,13.99,-211.43
261666,0.37,1.32,0.18,25.22,41.12,-223.5
261678,0.34,1.43,0.09,27.35,65.69,-229.66
261690,0.32,1.48,-0.03,23.94,90.76,-229.35
261702,0.31,1.48,-0.08,21.56,111.79,-224.66
261714,0.26,1.44,-0.09,18.88,124.6,-215.57
261726,0.17,1.41,-0.03,19.0,121.37,-204.41
261738,0.07,1.36,0.05,18.33,98.8,-186.79
261750,0.03,1.24,0.13,18.21,62.04,-164.48
261762,0.02,1.1,0.18,16.13,17.1,-138.5
261925,0.43,0.77,0.03,45.28,-110.22,-46.55
261936,0.43,0.97,-0.08,42.6,-88.94,-64.96
261948,0.42,1.12,-0.06,40.22,-71.81,-55.69
261960,0.4,1.26,-0.05,21.56,-55.04,-66.85
261984,0.42,1.15,0.02,-4.48,-34.37,-68.5
261996,0.42,1.1,0.06,-1.43,-27.05,-70.94
262008,0.41,1.1,0.07,5.16,-20.77,-69.54
262020,0.37,1.15,0.06,11.62,-17.29,-65.63
262032,0.31,1.24,0.01,20.16,-16.2,-59.05
262044,0.26,1.38,-0.04,29.49,-16.99,-52.28
262056,0.25,1.56,-0.08,36.19,-20.4,-44.11
262068,0.28,1.71,-0.09,36.07,-21.32,-31.61
262080,0.34,1.74,-0.06,34.12,-16.62,-16.12
262092,0.37,1.72,-0.04,31.01,-8.57,-0.21
262104,0.37,1.64,-0.03,25.34,-3.39,14.67
262116,0.35,1.53,-0.04,21.25,-1.07,30.1
262128,0.33,1.41,-0.06,19.24,4.23,45.89
262140,0.31,1.31,-0.07,19.97,11.49,59.98
262152,0.25,1.33,-0.11,24.97,17.58,68.7
262164,0.22,1.49,-0.12,29.67,22.52,74.31
262176,0.24,1.63,-0.09,24.97,29.17,79.98
262188,0.28,1.64,-0.09,13.51,39.6,84.43
262200,0.28,1.55,-0.06,3.45,51.49,86.74
262358,-0.11,0.44,0.08,-35.45,68.19,118.82
262370,-0.17,0.41,0.06,-31.31,51.55,113.33
262382,-0.19,0.41,0.05,-25.64,31.79,105.34
262394,-0.18,0.46,0.03,-21.31,12.34,94.12
262418,-0.13,0.61,-0.06,-16.06,-21.26,64.31
262430,-0.12,0.72,-0.11,-15.21,-35.46,49.43
262442,-0.15,0.86,-0.17,-20.33,-49.24,36.32
262454,-0.15,0.96,-0.23,-33.56,-61.44,27.48
262466,-0.16,0.97,-0.26,-50.57,-72.66,19.61
262478,-0.15,0.93,-0.29,-63.2,-83.51,11.2
262490,-0.12,0.9,-0.3,-65.45,-94.06,3.21
262502,-0.11,0.94,-0.3,-59.97,-103.27,-5.69
262514,-0.12,1.04,-0.32,-59.9,-112.11,-10.82
262526,-0.14,1.09,-0.33,-62.16,-118.57,-15.76
262538,-0.14,1.08,-0.3,-62.89,-122.96,-21.61
262550,-0.14,1.1,-0.23,-49.36,-123.76,-31.12
262562,-0.16,1.33,-0.2,-29.36,-125.65,-49.96
262574,-0.14,1.62,-0.23,-23.68,-129.43,-64.23
262586,-0.04,1.65,-0.27,-23.01,-126.81,-73.44
262598,0.15,1.44,-0.25,-18.68,-112.29,-84.66
262610,0.31,1.17,-0.13,-6.12,-89.37,-101.61
262622,0.39,1.08,0.02,11.56,-62.66,-117.71
262634,0.39,1.08,0.1,30.03,-35.77,-130.09
262797,0.22,0.39,0.27,2.47,-88.03,-23.62
262810,0.26,0.38,0.23,4.0,-100.71,-21.43
262821,0.27,0.42,0.19,4.3,-110.83,-22.22
262833,0.3,0.47,0.17,6.5,-116.56,-26.67
262857,0.38,0.66,0.13,6.19,-113.21,-38.87
262869,0.43,0.75,0.12,1.8,-105.46,-44.96
262881,0.47,0.81,0.1,-1.98,-93.21,-50.82
262893,0.52,0.81,0.11,-1.49,-80.59,-62.83
262905,0.56,0.97,0.1,-3.99,-64.98,-53.99
262917,0.56,1.04,0.08,-11.0,-55.34,-54.78
262929,0.6,1.08,0.07,-12.71,-46.56,-51.43
262941,0.61,1.09,0.08,-10.7,-39.49,-43.44
262953,0.63,1.12,0.09,-8.56,-31.81,-37.04
262965,0.63,1.12,0.1,-6.92,-24.0,-26.85
262977,0.61,1.15,0.08,-2.59,-17.9,-15.21
262989,0.57,1.23,0.05,3.88,-15.34,-2.95
263001,0.55,1.33,-0.0,8.94,-16.07,8.51
263013,0.52,1.45,-0.06,16.13,-18.21,18.33
263025,0.5,1.63,-0.09,24.49,-19.92,25.16
263037,0.5,1.8,-0.11,23.27,-18.03,31.5
263049,0.54,1.82,-0.14,14.61,-10.59,38.94
263061,0.57,1.7,-0.15,7.78,1.67,45.71
263073,0.51,1.6,-0.14,4.97,11.55,50.59
263231,0.31,0.78,-0.08,3.14,174.72,76.26
263243,0.28,0.75,-0.07,3.14,180.51,76.38
263255,0.25,0.73,-0.05,4.55,185.51,77.72
263267,0.24,0.77,-0.03,5.77,185.51,77.17
263291,0.16,0.9,-0.06,-12.22,179.96,82.11
263303,0.12,0.87,-0.07,-24.05,172.46,84.12
263315,0.07,0.81,-0.09,-32.34,161.18,86.99
263327,0.02,0.79,-0.1,-38.68,146.0,88.57
263339,-0.04,0.78,-0.11,-42.53,128.19,89.24
263351,-0.08,0.8,-0.13,-46.25,107.16,89.37
263363,-0.13,0.81,-0.15,-51.55,85.76,90.1
263375,-0.16,0.81,-0.16,-57.16,61.49,90.34
263387,-0.19,0.79,-0.17,-61.25,37.04,89.0
263399,-0.2,0.78,-0.18,-63.68,11.0,86.07
263411,-0.21,0.79,-0.2,-66.31,-14.73,82.17
263423,-0.21,0.8,-0.21,-67.34,-39.85,77.84
263435,-0.21,0.81,-0.23,-66.31,-63.09,71.26
263447,-0.18,0.82,-0.24,-63.99,-82.78,63.63
263459,-0.14,0.81,-0.25,-61.86,-96.99,54.18
263471,-0.1,0.82,-0.3,-59.66,-108.88,31.32
263483,-0.13,0.85,-0.33,-50.21,-114.31,25.04
263495,-0.22,1.03,-0.29,-33.01,-124.79,-1.55
263507,-0.21,1.32,-0.29,-25.82,-137.42,-27.1
263668,0.19,1.08,0.16,53.51,93.44,-138.62
263680,0.15,0.95,0.18,48.39,75.76,-130.69
263692,0.11,0.84,0.17,41.8,51.18,-120.39
263704,0.1,0.72,0.19,38.82,27.04,-106.61
263728,0.1,0.58,0.23,41.01,-13.15,-84.17
263740,0.11,0.56,0.24,41.68,-30.4,-76.43
263752,0.2,0.57,0.26,43.57,-45.34,-70.63
263764,0.3,0.63,0.27,43.45,-54.73,-67.4
263776,0.43,0.71,0.27,40.28,-56.56,-67.1
263788,0.54,0.79,0.26,35.4,-49.31,-68.56
263800,0.61,0.86,0.25,28.08,-35.77,-69.23
263812,0.62,0.93,0.23,16.93,-22.05,-67.16
263824,0.6,0.93,0.23,7.53,-11.13,-62.16
263836,0.59,0.92,0.23,3.33,-3.15,-55.33
263848,0.63,0.95,0.25,5.95,1.85,-48.56
263860,0.71,1.01,0.25,9.12,7.1,-39.84
263872,0.77,1.06,0.23,5.77,15.69,-31.0
263884,0.78,1.09,0.22,0.77,23.68,-19.48
263896,0.77,1.08,0.23,-4.84,28.62,-5.94
263908,0.76,1.03,0.22,-9.29,30.51,10.4
263920,0.75,1.01,0.19,-6.25,30.33,24.85
263932,0.73,1.11,0.13,1.01,27.65,36.5
263944,0.73,1.27,0.01,4.12,19.47,48.39
264100,0.62,1.35,-0.62,4.12,139.47,179.12
264112,0.57,1.24,-0.54,12.05,164.41,179.37
264124,0.54,1.09,-0.5,21.93,190.21,185.65
264136,0.49,0.99,-0.47,29.06,212.89,191.62
264160,0.4,0.87,-0.5,33.21,244.11,198.45
264172,0.37,0.79,-0.49,35.16,250.27,201.01
264184,0.31,0.75,-0.45,36.19,248.19,198.88
264196,0.32,0.69,-0.48,39.24,246.49,195.16
264208,0.28,0.67,-0.51,39.18,248.01,191.2
264220,0.29,0.64,-0.5,43.39,254.23,185.04
264232,0.37,0.69,-0.48,45.83,267.22,177.17
264244,0.39,0.73,-0.43,41.25,285.76,165.65
264256,0.4,0.74,-0.41,34.55,303.38,151.32
264268,0.36,0.74,-0.4,28.88,312.77,138.21
264280,0.35,0.73,-0.37,32.47,313.07,128.51
264292,0.34,0.84,-0.32,33.33,308.44,121.13
264304,0.35,0.89,-0.29,28.88,302.04,119.43
264316,0.4,0.91,-0.23,22.05,294.96,121.62
264328,0.4,0.95,-0.16,10.28,284.35,126.44
264340,0.43,0.96,-0.05,-0.64,266.49,128.57
264352,0.44,1.01,0.06,-7.77,248.68,125.22
264364,0.35,0.99,0.14,-17.28,228.8,121.44
264376,0.24,0.91,0.16,-21.18,202.46,118.82
264536,0.4,0.56,0.58,32.05,73.01,83.88
264548,0.31,0.51,0.52,35.77,64.66,81.13
264560,0.27,0.43,0.5,39.61,56.49,77.17
264572,0.23,0.37,0.53,41.13,51.12,73.7
264584,0.29,0.28,0.44,46.32,52.04,67.78
264608,-0.01,0.33,0.63,26.68,3.99,61.32
264620,0.05,0.29,0.77,17.41,-20.77,59.55
264632,0.28,0.24,0.82,20.83,-17.66,60.71
264644,0.37,0.24,0.75,15.28,0.57,60.4
264656,0.33,0.23,0.68,14.79,12.22,61.07
264668,0.34,0.23,0.61,10.22,11.79,64.91
264680,0.44,0.21,0.57,12.96,11.61,70.46
264692,0.49,0.2,0.6,20.58,17.46,73.21
264704,0.53,0.21,0.63,29.06,27.77,76.56
264716,0.53,0.24,0.7,37.29,39.78,80.16
264728,0.48,0.26,0.76,42.47,46.43,83.27
264740,0.49,0.31,0.81,44.55,49.23,84.73
264752,0.48,0.35,0.84,43.27,48.68,85.89
264764,0.47,0.35,0.87,39.55,46.43,86.62
264776,0.52,0.35,0.89,37.96,46.3,85.04
264788,0.6,0.43,0.9,38.57,51.55,84.98
264800,0.69,0.51,0.9,36.56,60.21,88.09
264812,0.8,0.61,0.93,35.1,66.73,92.72
264966,0.89,0.43,0.71,73.63,34.9,106.74
264978,0.74,0.31,0.59,79.67,43.13,107.29
264990,0.67,0.3,0.45,83.08,47.16,108.82
265002,0.59,0.26,0.39,82.96,53.01,112.41
265026,0.45,0.23,0.36,83.75,64.41,114.37
265038,0.4,0.21,0.37,82.17,67.77,114.12
265050,0.39,0.17,0.38,80.89,70.08,113.63
265062,0.39,0.17,0.4,79.49,74.47,110.52
265074,0.38,0.17,0.39,76.99,79.17,106.01
265086,0.39,0.17,0.39,75.4,82.77,101.38
265098,0.4,0.2,0.38,74.3,84.66,96.38
265110,0.45,0.24,0.4,73.27,89.72,90.16
265122,0.47,0.29,0.43,72.6,91.12,83.09
265134,0.53,0.37,0.49,72.6,91.85,75.59
265146,0.55,0.44,0.53,70.64,90.21,68.88
265158,0.54,0.5,0.56,67.66,90.27,61.74
265170,0.55,0.57,0.6,63.08,87.16,54.98
265182,0.56,0.63,0.63,57.53,82.65,47.23
265194,0.6,0.65,0.71,53.69,78.87,39.55
265206,0.6,0.67,0.79,51.62,70.69,31.5
265218,0.6,0.71,0.84,50.16,55.63,24.24
265230,0.62,0.74,0.87,48.63,41.67,17.48
265242,0.68,0.83,0.9,49.73,33.56,9.43
265397,0.55,0.4,0.41,20.89,1.73,55.1
265409,0.49,0.34,0.39,23.63,1.0,57.78
265421,0.47,0.32,0.42,28.27,3.44,60.95
265433,0.46,0.3,0.44,31.19,6.49,60.22
265445,0.4,0.25,0.45,31.74,10.45,59.06
265469,0.34,0.26,0.43,30.22,7.28,55.83
265481,0.35,0.24,0.39,26.93,8.44,53.94
265493,0.35,0.26,0.39,24.3,11.37,53.21
265505,0.35,0.27,0.41,21.25,12.4,52.78
265517,0.4,0.28,0.47,21.93,12.95,54.12
265529,0.38,0.27,0.49,26.68,16.73,51.5
265541,0.36,0.28,0.46,29.79,25.27,49.55
265553,0.28,0.33,0.43,28.08,28.44,45.28
265565,0.24,0.32,0.48,27.23,23.62,42.84
265577,0.33,0.38,0.53,26.62,21.06,37.11
265589,0.37,0.41,0.64,20.46,18.38,32.29
265601,0.41,0.42,0.76,18.94,9.41,25.28
265613,0.56,0.48,0.8,17.53,1.79,20.4
265625,0.66,0.51,0.82,18.94,-3.94,17.17
265637,0.75,0.57,0.9,19.91,-8.82,18.7
265649,0.83,0.64,0.94,21.19,-5.28,21.87
265661,0.83,0.67,0.97,24.06,5.02,24.61
265673,0.77,0.71,0.99,25.89,11.0,25.71
265826,0.69,0.16,0.68,52.23,-1.93,5.46
265838,0.65,0.21,0.61,53.45,18.68,1.68
265850,0.41,0.15,0.66,52.23,18.44,-1.37
265862,0.49,0.12,0.67,50.58,3.44,-1.91
265874,0.54,0.11,0.76,45.03,-3.51,-3.56
265898,0.54,0.06,0.92,27.11,-3.76,2.05
265910,0.55,0.05,0.93,14.12,-1.01,9.43
265922,0.56,0.02,0.89,-3.26,7.95,20.59
265934,0.55,-0.01,0.86,-20.33,15.39,31.56
265946,0.57,0.0,0.82,-36.0,22.04,40.95
265958,0.55,0.03,0.78,-49.23,26.37,47.17
265970,0.52,0.15,0.76,-59.36,29.9,49.06
265982,0.5,0.25,0.71,-67.22,33.68,47.05
265994,0.48,0.39,0.66,-74.42,38.07,41.26
266006,0.43,0.6,0.63,-79.9,38.13,31.13
266018,0.38,0.79,0.57,-83.99,30.51,16.26
266030,0.28,0.99,0.44,-87.04,13.01,-3.74
266042,0.14,1.12,0.14,-87.95,-15.59,-26.55
266054,0.03,1.27,-0.14,-83.93,-49.37,-50.94
266066,-0.15,1.39,-0.51,-75.57,-85.71,-78.13
266078,-0.46,1.48,-0.91,-64.6,-114.06,-103.38
266090,-0.88,1.64,-1.21,-40.88,-123.33,-130.02
266102,-1.18,1.84,-1.45,-9.9,-99.0,-166.49
266260,1.49,3.75,1.73,274.0,-15.89,-311.55
266272,1.52,3.3,1.54,213.69,-36.87,-252.1
266284,1.53,2.69,1.83,166.19,-84.85,-189.9
266296,1.71,2.15,2.1,125.64,-128.7,-139.9
266320,1.68,1.09,1.96,62.23,-171.87,-78.68
266332,1.76,0.72,1.78,37.29,-179.24,-58.99
266344,1.8,0.38,1.61,15.64,-179.18,-42.89
266356,1.84,0.08,1.5,-0.03,-176.99,-19.9
266368,1.84,-0.29,1.45,-12.89,-156.01,8.82
266380,1.91,-0.62,1.44,-22.22,-115.16,37.9
266392,1.92,-0.95,1.44,-28.56,-61.56,63.45
266404,1.85,-1.19,1.42,-34.66,-25.1,82.78
266416,1.88,-0.96,1.34,-39.84,-7.6,94.91
266428,1.86,-0.65,1.34,-50.33,-7.23,111.87
266440,1.92,-0.25,1.26,-69.66,-0.89,137.9
266452,1.84,-0.0,1.28,-92.89,11.37,165.71
266464,1.84,0.25,1.29,-118.38,21.61,197.66
266476,1.9,0.5,1.38,-137.89,32.58,230.16
266488,1.99,0.92,1.52,-154.6,42.34,256.81
266500,2.08,1.73,1.92,-170.39,61.61,278.02
266512,2.11,2.8,2.22,-195.27,77.65,289.0
266524,2.12,3.87,2.12,-233.14,64.35,305.04
266536,1.83,4.5,2.05,-275.82,8.62,326.74
266697,-3.29,1.95,-2.35,134.06,119.23,-88.99
266710,-3.05,2.28,-2.47,174.73,67.22,-176.3
266721,-2.77,2.4,-2.44,208.75,-7.05,-252.04
266733,-2.37,2.47,-2.03,233.63,-66.13,-312.04
266757,-1.13,2.67,-0.64,267.41,-52.23,-397.4
266769,-0.56,2.83,-0.16,282.47,-8.76,-418.32
266781,-0.06,3.23,0.3,290.28,6.73,-423.56
266793,0.6,3.96,0.62,285.77,-3.51,-421.67
266805,1.2,4.58,0.88,269.12,-40.71,-415.63
266817,1.83,4.64,1.12,242.29,-100.4,-392.28
266829,2.18,4.29,1.42,196.86,-167.05,-348.07
266841,2.49,3.67,1.53,139.18,-216.62,-284.66
266853,2.59,2.94,1.37,85.4,-237.54,-219.41
266865,2.73,2.28,1.15,57.78,-251.26,-174.11
266877,2.87,1.34,0.98,46.93,-256.5,-155.02
266889,2.91,0.57,0.86,36.38,-257.23,-138.62
266901,2.82,-0.08,0.75,22.84,-259.06,-119.84
266913,2.78,-0.43,0.6,11.74,-251.62,-90.51
266925,2.72,-0.71,0.62,1.68,-234.85,-59.9
266937,2.6,-1.1,0.52,-3.38,-213.03,-26.61
266949,2.41,-1.51,0.49,-3.38,-181.44,3.94
266961,2.17,-1.77,0.42,-2.34,-155.53,26.44
266973,1.93,-1.97,0.37,7.78,-135.89,40.1
267136,4.43,6.02,4.39,-263.2,-190.53,429.91
267148,4.05,6.44,4.52,-330.57,-185.59,498.88
267160,3.61,6.3,4.64,-379.36,-154.79,565.52
267172,3.11,5.88,4.8,-411.18,-118.15,599.24
267196,2.32,6.26,4.77,-475.82,-60.53,642.29
267208,2.12,6.58,4.7,-511.98,-31.62,650.1
267220,2.07,6.74,4.58,-554.84,10.51,648.7
267232,1.88,6.5,4.34,-596.43,52.65,640.4
267244,1.63,6.17,3.95,-631.12,84.66,624.24
267256,1.44,5.81,3.42,-653.32,109.78,601.26
267268,1.3,5.54,2.86,-662.16,116.97,574.37
267280,1.4,5.29,2.25,-657.53,129.54,544.31
267292,1.36,5.11,1.8,-646.98,150.63,502.54
267304,1.29,4.77,0.92,-634.11,158.93,449.98
267316,0.75,3.95,-0.02,-612.22,152.52,414.55
267328,0.2,3.0,-0.59,-573.5,157.95,383.39
267340,-0.04,2.35,-1.07,-531.31,213.13,323.39
267352,-0.21,1.76,-1.44,-482.47,282.71,246.87
267364,-0.19,1.27,-2.33,-444.84,293.56,169.79
267376,-0.24,1.14,-3.35,-398.87,222.22,104.31
267388,-0.12,1.13,-4.04,-336.73,111.43,50.28
267400,0.1,1.43,-4.36,-274.97,4.84,-3.01
267412,0.41,1.59,-4.79,-207.53,-80.34,-30.27
267576,0.34,3.62,-0.82,606.19,-62.96,-160.21
267589,0.34,3.94,-1.04,603.82,-65.46,-136.67
267600,0.64,4.75,-1.16,598.02,-28.88,-125.51
267612,0.82,5.39,-0.85,595.16,26.37,-137.89
267636,-0.57,5.66,-0.09,618.27,18.87,-193.13
267648,-0.96,6.18,-0.62,605.89,-60.28,-193.93
267660,-1.0,6.75,-0.78,571.5,-140.65,-182.28
267672,-0.98,7.02,-0.42,521.62,-224.67,-182.77
267684,-0.7,6.87,0.36,474.91,-270.89,-196.12
267696,-0.79,6.76,1.23,438.02,-265.71,-234.84
267708,-0.93,6.79,2.01,433.39,-225.77,-285.39
267720,-1.08,6.98,2.71,438.63,-166.74,-349.35
267732,-1.27,7.21,3.55,437.6,-93.51,-416.55
267744,-1.31,7.68,4.35,419.73,-41.26,-495.27
267756,-1.38,7.99,4.92,392.35,-45.95,-593.01
267768,-1.15,8.42,5.1,355.58,-153.82,-685.88
267780,-0.79,8.75,5.3,301.93,-288.51,-770.15
267792,-0.11,8.89,6.33,221.62,-338.21,-830.21
267804,1.08,9.1,7.09,113.69,-286.5,-863.99
267816,1.59,9.75,7.25,2.66,-259.49,-888.68
267828,2.14,10.65,7.32,-106.92,-332.35,-899.9
267840,3.24,11.62,6.6,-264.54,-507.48,-868.13
267852,4.6,12.73,5.62,-465.64,-701.56,-771.12
268018,-5.63,16.0,-16.0,1433.14,1288.8,288.21
268030,-6.48,16.0,-11.69,951.25,1386.97,948.45
268043,-16.0,16.0,-13.84,917.23,592.71,370.52
268054,-13.53,16.0,-5.84,666.8,-126.2,964.0
268078,-6.05,16.0,-10.39,825.52,-11.56,558.15
268090,-4.11,16.0,-7.12,981.13,-11.01,579.91
268102,-1.52,16.0,-6.25,1124.55,138.13,515.46
268114,-0.87,16.0,-5.92,1073.45,401.3,512.17
268126,-1.48,16.0,-3.82,874.73,512.46,504.49
268138,-2.31,16.0,-1.79,821.56,445.63,587.78
268150,-1.22,16.0,-0.14,823.27,359.35,673.88
268162,-0.97,16.0,0.18,693.51,309.47,670.34
268174,-1.49,16.0,0.96,570.16,233.5,678.7
268186,-2.03,14.31,1.5,505.64,139.66,682.17
268198,-1.69,12.4,1.89,459.67,82.1,635.77
268210,-1.41,10.76,2.02,395.95,125.39,574.12
268222,-1.66,8.92,2.18,328.08,213.19,540.52
268234,-2.45,7.47,2.56,270.64,290.63,500.34
268246,-3.95,6.84,2.84,203.82,346.37,590.46
268258,-4.42,4.81,3.08,178.82,336.73,446.26
268270,-4.95,3.45,3.02,112.96,260.94,340.65
268282,-4.63,2.17,2.73,52.53,141.37,211.62
268294,-4.4,1.07,2.34,-45.09,50.21,112.96
268460,0.57,3.0,-1.36,-355.21,-423.21,-35.09
268472,0.45,2.41,-1.32,-332.22,-442.05,34.98
268485,0.4,2.04,-1.22,-300.15,-447.66,94.24
268496,0.44,1.82,-1.21,-279.66,-436.07,140.65
268520,0.62,1.91,-1.15,-283.32,-301.2,165.04
268532,0.47,2.05,-1.06,-323.87,-198.76,150.71
268544,0.2,1.95,-0.77,-345.64,-85.71,122.9
268556,-0.35,2.22,-0.68,-381.37,1.06,78.21
268568,-1.4,2.99,-0.77,-423.81,21.12,10.34
268580,-2.39,3.7,-1.4,-465.15,-46.93,-31.55
268592,-2.65,3.44,-1.92,-452.34,-152.66,-22.71
268604,-2.08,3.16,-2.28,-439.17,-224.0,-12.34
268616,-1.45,3.3,-2.2,-438.26,-220.83,-35.09
268628,-1.06,3.56,-2.03,-431.67,-153.33,-78.13
268640,-0.96,3.37,-1.97,-427.16,-51.44,-131.3
268652,-1.16,3.15,-1.92,-396.37,18.62,-188.07
268664,-1.16,3.2,-2.01,-341.0,52.22,-249.84
268676,-1.1,3.23,-1.92,-271.98,60.63,-299.35
268688,-0.93,3.14,-1.7,-198.2,61.24,-345.76
268700,-0.53,3.17,-1.55,-135.94,87.89,-388.01
268712,-0.18,3.31,-1.48,-82.89,137.22,-423.32
268724,0.08,3.51,-1.5,-35.03,189.35,-447.71
268736,0.23,3.68,-1.47,13.33,224.35,-470.94
268902,0.73,0.33,-0.21,63.82,-146.81,-68.68
268914,0.85,0.13,-0.33,58.02,-202.9,-68.13
268926,1.09,-0.0,-0.36,60.89,-223.7,-73.99
268938,1.3,-0.06,-0.24,54.85,-209.67,-68.5
268962,1.24,-0.18,0.12,38.02,-155.53,-32.04
268974,1.13,-0.3,0.2,27.53,-147.66,-15.63
268986,1.09,-0.45,0.23,26.93,-147.35,-1.24
268998,1.09,-0.54,0.27,38.75,-148.15,11.68
269010,1.05,-0.5,0.36,53.88,-152.48,28.21
269022,0.8,-0.37,0.11,62.66,-164.37,40.59
269034,0.5,-0.19,-0.37,85.16,-188.82,46.93
269046,0.43,0.07,-0.62,136.8,-193.09,46.99
269058,0.72,0.42,-0.55,209.85,-164.79,37.96
269070,1.09,0.91,-0.16,278.14,-115.16,33.88
269082,1.24,1.89,0.25,251.5,-71.44,48.33
269094,0.98,3.09,0.45,117.72,-51.2,58.02
269106,0.95,2.32,0.53,108.33,41.61,72.96
269118,0.6,1.78,0.56,137.17,124.47,117.66
269130,0.2,1.78,0.54,152.11,161.3,177.11
269142,0.29,1.92,0.4,157.84,189.35,203.94
269154,0.4,2.03,0.33,153.82,231.67,239.67
269166,0.21,2.13,0.34,124.36,268.19,245.1
269178,-0.16,2.2,0.48,89.24,275.94,242.29
269339,0.5,0.68,0.03,47.53,95.63,108.09
269351,0.49,0.88,-0.02,46.01,141.61,116.5
269363,0.46,1.0,-0.03,49.0,170.88,115.22
269375,0.52,1.19,-0.01,51.68,188.26,100.28
269399,0.65,1.59,-0.03,46.19,218.93,114.85
269411,0.66,1.73,-0.07,32.23,224.54,121.68
269423,0.65,1.9,-0.1,22.35,214.66,130.89
269435,0.62,2.08,-0.11,18.63,194.47,139.73
269447,0.61,2.3,-0.04,22.41,173.56,141.68
269459,0.64,2.52,0.07,28.33,158.99,135.28
269471,0.67,2.56,0.09,26.5,148.87,127.54
269483,0.66,2.36,0.03,17.66,129.9,124.79
269495,0.54,2.12,-0.03,8.69,101.73,124.98
269507,0.44,1.98,-0.08,3.51,76.61,127.17
269519,0.39,1.81,-0.07,0.22,54.17,127.6
269531,0.34,1.65,-0.07,-2.71,36.43,131.62
269543,0.28,1.48,-0.05,-3.87,20.33,135.77
269555,0.24,1.31,-0.03,-2.34,3.5,137.35
269567,0.22,1.14,-0.0,1.56,-12.6,134.0
269579,0.21,0.99,0.0,5.1,-25.16,130.83
269591,0.2,0.84,0.03,8.21,-32.78,125.65
269603,0.2,0.69,0.05,13.02,-32.9,120.34
269615,0.17,0.55,0.08,16.99,-26.01,114.31
269774,-0.23,0.41,-0.04,19.91,42.16,-36.49
269786,-0.2,0.46,-0.06,17.78,19.78,-61.55
269798,-0.15,0.52,-0.06,16.07,-1.5,-87.52
269810,-0.1,0.6,-0.08,15.52,-20.59,-112.59
269834,-0.08,0.92,-0.06,17.29,-55.1,-162.22
269846,-0.08,1.1,-0.09,8.69,-76.01,-179.6
269858,-0.1,1.2,-0.16,-1.31,-97.42,-193.38
269870,-0.09,1.25,-0.22,-8.62,-119.06,-204.6
269882,-0.13,1.33,-0.21,-3.38,-143.63,-218.68
269894,-0.23,1.68,-0.25,7.17,-181.81,-239.11
269906,-0.28,2.22,-0.36,5.28,-231.44,-254.72
269918,-0.08,2.46,-0.46,-2.16,-271.62,-259.05
269930,0.27,2.23,-0.46,-2.89,-289.18,-258.8
269942,0.42,2.0,-0.32,3.39,-296.01,-268.87
269954,0.39,1.94,-0.11,11.68,-300.34,-274.35
269966,0.35,1.95,0.08,21.74,-303.45,-268.32
269978,0.4,2.0,0.13,28.88,-295.77,-252.52
269990,0.57,2.0,0.02,24.18,-263.39,-234.29
270002,0.66,1.87,-0.15,11.68,-205.83,-221.37
270014,0.68,1.75,-0.21,-5.57,-139.98,-197.46
270026,0.66,1.58,-0.21,-13.32,-89.49,-179.72
270038,0.71,1.42,-0.18,-17.22,-46.38,-165.88
270050,0.59,1.26,-0.13,-23.75,-20.1,-145.33
270214,0.69,0.81,-0.24,-15.03,-122.96,-50.76
270226,0.73,0.91,-0.27,-7.71,-107.6,-54.35
270239,0.74,1.05,-0.2,-10.39,-97.78,-53.74
270250,0.76,1.08,-0.19,-11.31,-90.46,-24.84
270274,0.72,1.02,-0.16,-4.9,-88.63,0.28
270286,0.66,1.02,-0.14,8.51,-89.61,15.28
270298,0.61,1.05,-0.11,19.43,-91.2,28.82
270310,0.6,1.07,-0.12,28.51,-91.26,43.57
270322,0.6,1.12,-0.12,40.34,-89.98,56.87
270334,0.61,1.22,-0.19,54.36,-86.2,62.84
270346,0.63,1.43,-0.25,68.14,-77.6,63.21
270358,0.66,1.69,-0.31,76.01,-60.71,61.38
270370,0.73,1.87,-0.31,73.94,-33.03,60.83
270382,0.82,1.87,-0.3,67.53,6.3,61.81
270394,0.82,1.79,-0.26,62.29,47.58,62.78
270406,0.74,1.74,-0.25,59.97,83.62,68.57
270418,0.63,1.76,-0.26,59.06,112.89,78.15
270430,0.49,1.83,-0.29,57.66,131.91,94.12
270442,0.38,1.86,-0.31,56.13,140.94,111.44
270454,0.33,1.79,-0.28,54.85,144.35,127.05
270466,0.29,1.67,-0.24,55.16,143.32,140.89
270478,0.26,1.59,-0.21,56.5,137.89,150.16
270490,0.25,1.51,-0.2,58.27,134.54,156.68
270649,-0.11,0.85,-0.16,5.1,152.77,167.66
270661,-0.18,0.84,-0.17,-2.4,128.32,159.18
270673,-0.22,0.83,-0.2,-9.78,99.17,149.91
270685,-0.24,0.81,-0.22,-12.1,68.68,136.38
270709,-0.21,0.83,-0.24,-20.51,12.89,108.51
270721,-0.18,0.75,-0.22,-25.64,-10.53,94.12
270733,-0.14,0.7,-0.21,-24.9,-29.61,76.56
270745,-0.09,0.72,-0.2,-21.67,-43.51,56.56
270757,-0.07,0.85,-0.2,-17.34,-51.5,34.98
270769,-0.04,0.93,-0.24,-18.99,-52.35,23.7
270781,-0.05,0.96,-0.27,-27.22,-51.81,6.81
270793,-0.06,0.91,-0.29,-33.62,-50.34,-7.59
270805,-0.07,0.82,-0.26,-31.92,-48.33,-23.44
270817,-0.1,0.84,-0.17,-19.9,-49.61,-44.35
270829,-0.15,1.05,-0.11,-3.01,-54.55,-72.4
270841,-0.18,1.29,-0.14,-0.09,-61.26,-97.83
270853,-0.09,1.35,-0.15,-4.78,-64.24,-119.9
270865,0.04,1.29,-0.16,-4.9,-63.39,-144.23
270877,0.12,1.29,-0.13,1.68,-58.33,-171.43
270889,0.12,1.36,-0.08,10.22,-51.01,-198.44
270901,0.12,1.5,-0.0,15.89,-47.48,-218.44
270913,0.14,1.63,0.03,16.74,-45.59,-228.87
270925,0.18,1.69,0.03,16.44,-41.68,-234.11
271087,0.46,0.66,0.11,-1.31,-114.12,-118.13
271099,0.5,0.71,0.13,-1.06,-113.76,-110.82
271111,0.53,0.82,0.11,-5.39,-115.4,-103.26
271123,0.55,0.91,0.06,-13.07,-119.43,-93.87
271147,0.58,0.95,-0.02,-16.98,-127.35,-78.68
271159,0.62,1.03,-0.03,-15.51,-129.43,-70.57
271171,0.68,1.06,-0.04,-19.11,-129.37,-60.57
271183,0.72,1.05,-0.08,-22.47,-123.88,-48.38
271195,0.72,1.04,-0.1,-20.21,-112.54,-37.65
271207,0.72,1.12,-0.08,-14.66,-100.28,-29.17
271219,0.73,1.18,-0.06,-12.22,-87.9,-18.68
271231,0.77,1.2,-0.07,-10.51,-75.1,-6.67
271243,0.77,1.25,-0.11,-5.7,-61.13,6.93
271255,0.78,1.24,-0.14,1.93,-51.87,12.84
271267,0.68,1.34,-0.21,11.56,-48.57,30.77
271279,0.61,1.49,-0.24,21.8,-49.18,41.01
271291,0.58,1.69,-0.23,32.05,-50.1,53.27
271303,0.62,1.84,-0.21,35.46,-47.84,63.09
271315,0.71,1.78,-0.23,30.77,-38.57,73.57
271327,0.75,1.59,-0.21,27.6,-23.09,80.28
271339,0.7,1.46,-0.18,30.64,-8.09,85.4
271351,0.61,1.43,-0.17,35.64,1.85,93.15
271363,0.56,1.44,-0.18,42.66,11.24,103.21
271524,0.19,0.78,-0.03,20.1,157.4,166.38
271536,0.11,0.75,-0.0,15.1,154.6,170.77
271548,0.04,0.73,-0.0,11.44,146.18,170.52
271560,-0.02,0.74,0.0,7.35,134.17,172.23
271584,-0.2,0.67,-0.01,-8.32,99.35,167.23
271596,-0.27,0.6,-0.03,-11.12,75.94,157.84
271608,-0.29,0.58,-0.01,-5.33,52.89,142.11
271620,-0.24,0.65,0.01,5.16,33.07,119.31
271632,-0.19,0.78,-0.01,5.1,18.13,96.81
271644,-0.15,0.85,-0.03,-3.26,5.51,75.95
271656,-0.1,0.85,-0.06,-11.92,-4.49,54.37
271668,-0.08,0.81,-0.09,-16.0,-14.31,32.84
271680,-0.09,0.83,-0.09,-13.44,-24.61,9.98
271692,-0.13,0.93,-0.13,-11.0,-35.71,-8.87
271704,-0.15,1.04,-0.14,-15.94,-47.84,-22.28
271716,-0.16,1.03,-0.15,-22.83,-59.98,-33.26
271728,-0.16,0.96,-0.14,-23.56,-69.61,-43.68
271740,-0.16,0.92,-0.04,-15.15,-74.73,-55.69
271752,-0.21,1.02,0.03,1.56,-83.39,-75.21
271764,-0.3,1.38,-0.03,8.08,-101.01,-99.48
271776,-0.26,1.62,-0.14,-1.06,-118.27,-118.01
271788,-0.09,1.59,-0.2,-10.39,-128.27,-132.65
271800,0.12,1.44,-0.17,-11.12,-126.56,-154.35
271962,0.19,0.69,0.06,-11.86,-135.28,-106.37
271974,0.21,0.64,0.04,-12.95,-152.23,-89.23
271986,0.25,0.63,0.03,-14.66,-167.54,-74.05
271998,0.3,0.63,0.02,-15.03,-178.15,-62.59
272022,0.4,0.7,-0.06,-20.33,-181.26,-52.1
272034,0.44,0.75,-0.08,-24.72,-175.34,-51.79
272046,0.45,0.81,-0.11,-28.14,-166.5,-53.44
272058,0.49,0.86,-0.12,-31.37,-152.29,-56.3
272070,0.53,0.91,-0.14,-34.17,-135.34,-60.21
272082,0.57,0.9,-0.14,-34.29,-119.43,-69.84
272094,0.58,0.99,-0.12,-37.65,-100.59,-66.55
272106,0.56,1.01,-0.14,-39.42,-92.84,-67.04
272118,0.59,0.98,-0.17,-38.75,-87.48,-65.33
272130,0.59,0.95,-0.2,-34.05,-83.09,-59.72
272142,0.6,0.96,-0.2,-26.49,-79.0,-54.96
272154,0.62,0.97,-0.2,-20.45,-74.06,-45.69
272166,0.65,0.99,-0.19,-13.56,-68.39,-34.6
272178,0.63,1.05,-0.21,-2.77,-63.51,-23.56
272190,0.61,1.19,-0.24,7.53,-60.83,-12.34
272202,0.6,1.34,-0.28,17.53,-59.24,-1.37
272214,0.6,1.53,-0.3,30.52,-57.17,7.78
272226,0.61,1.74,-0.31,38.75,-54.18,16.01
272238,0.69,1.76,-0.31,40.89,-42.84,25.46
272400,0.3,1.04,-0.07,56.62,179.9,143.27
272412,0.28,0.98,-0.05,52.96,187.28,149.73
272424,0.24,0.93,-0.04,47.35,193.62,157.11
272436,0.2,0.89,-0.03,40.16,196.18,162.6
272460,0.15,0.83,-0.07,26.8,190.02,170.95
272472,0.09,0.81,-0.06,19.24,183.44,171.87
272484,0.03,0.8,-0.07,13.27,171.06,172.41
272496,-0.04,0.81,-0.08,6.62,156.91,171.44
272508,-0.12,0.79,-0.09,-0.27,139.17,167.54
272520,-0.19,0.77,-0.1,-6.73,119.29,161.07
272532,-0.24,0.73,-0.11,-10.7,100.45,151.32
272544,-0.26,0.73,-0.11,-10.33,82.46,136.93
272556,-0.23,0.77,-0.11,-7.53,68.62,118.09
272568,-0.19,0.84,-0.12,-7.71,57.95,98.63
272580,-0.17,0.89,-0.13,-12.34,48.62,79.06
272592,-0.15,0.89,-0.13,-17.1,41.06,60.22
272604,-0.15,0.91,-0.13,-18.62,32.46,39.55
272616,-0.16,0.91,-0.12,-18.56,23.62,19.67
272628,-0.18,0.93,-0.12,-16.86,13.07,1.44
272640,-0.2,0.94,-0.12,-17.89,2.16,-12.95
272652,-0.19,0.88,-0.11,-18.2,-6.62,-24.29
272664,-0.19,0.8,-0.03,-10.94,-12.42,-36.91
272676,-0.22,0.88,0.03,4.55,-19.67,-55.51
272837,0.26,1.16,0.07,-0.51,-103.39,-164.35
272849,0.3,1.02,0.09,0.46,-105.77,-158.56
272861,0.31,0.9,0.07,-1.92,-107.84,-149.72
272873,0.32,0.8,0.07,-7.47,-110.71,-138.13
272897,0.33,0.6,0.03,-16.67,-119.92,-113.44
272909,0.36,0.53,0.05,-16.67,-123.03,-102.65
272921,0.4,0.51,0.04,-14.84,-123.63,-94.9
272933,0.44,0.52,0.03,-14.72,-120.34,-88.07
272945,0.45,0.57,0.02,-16.25,-116.13,-82.46
272957,0.45,0.64,-0.02,-16.79,-112.66,-78.99
272969,0.45,0.73,-0.05,-16.73,-109.67,-76.91
272981,0.47,0.84,-0.06,-16.43,-106.38,-76.18
272993,0.49,0.94,-0.09,-18.68,-102.17,-82.46
273005,0.51,1.01,-0.07,-19.29,-95.53,-75.39
273017,0.54,1.06,-0.03,-23.93,-90.71,-76.61
273029,0.55,1.08,-0.06,-30.03,-89.31,-74.84
273041,0.57,1.02,-0.08,-30.15,-91.01,-69.54
273053,0.58,1.02,-0.09,-23.68,-96.13,-64.11
273065,0.6,1.08,-0.12,-16.61,-101.87,-55.21
273077,0.61,1.14,-0.14,-13.32,-107.35,-42.16
273089,0.63,1.16,-0.17,-12.1,-110.95,-27.28
273101,0.65,1.14,-0.21,-9.48,-111.01,-11.85
273113,0.64,1.15,-0.23,-3.14,-110.53,2.17
273276,0.42,1.75,-0.18,73.45,158.93,126.13
273288,0.36,1.75,-0.15,75.03,174.29,134.55
273300,0.32,1.66,-0.12,71.01,185.51,143.82
273312,0.28,1.51,-0.1,64.61,192.83,153.7
273336,0.24,1.18,0.02,57.29,199.05,168.76
273348,0.21,1.09,0.07,51.99,201.91,173.02
273360,0.15,1.02,0.09,39.79,199.35,177.78
273372,0.08,0.93,0.08,27.23,188.5,183.09
273384,0.02,0.83,0.04,13.21,170.69,187.48
273396,-0.01,0.75,-0.0,4.61,152.58,189.0
273408,-0.09,0.66,-0.04,-5.21,129.29,192.78
273420,-0.09,0.55,-0.06,-8.81,106.3,189.55
273432,-0.09,0.47,-0.06,-7.4,88.38,183.7
273444,-0.06,0.45,-0.06,-3.38,73.19,177.05
273456,-0.03,0.47,-0.03,-2.95,65.02,169.37
273468,-0.05,0.57,-0.0,-7.1,61.73,167.35
273480,0.03,0.51,-0.02,-7.53,66.67,144.24
273492,0.01,0.54,-0.0,-5.03,70.33,133.15
273504,0.01,0.63,-0.0,-9.29,72.34,111.68
273516,-0.01,0.7,-0.01,-15.33,72.77,96.13
273528,-0.03,0.71,-0.04,-23.07,69.17,79.0
273540,-0.04,0.68,-0.06,-28.68,59.66,61.38
273552,-0.07,0.65,-0.07,-29.17,46.06,43.27
273712,0.12,1.47,-0.22,27.05,-53.63,-195.09
273724,0.32,1.22,-0.03,37.17,-44.79,-216.85
273736,0.42,1.12,0.19,57.78,-29.0,-240.15
273748,0.39,1.24,0.32,71.19,-11.26,-256.98
273772,0.27,1.65,0.07,64.97,15.57,-248.07
273784,0.33,1.79,-0.15,55.03,31.85,-234.41
273796,0.36,1.82,-0.22,44.73,49.96,-217.4
273808,0.35,1.69,-0.16,37.53,58.56,-198.68
273820,0.29,1.49,-0.0,41.25,50.94,-184.54
273832,0.22,1.43,0.12,51.56,27.16,-167.46
273844,0.2,1.39,0.17,57.66,-2.66,-148.13
273856,0.23,1.3,0.19,59.06,-27.84,-125.02
273868,0.29,1.15,0.19,56.25,-44.67,-103.56
273880,0.34,0.96,0.2,54.18,-54.73,-85.39
273892,0.37,0.82,0.2,50.03,-62.23,-72.95
273904,0.43,0.7,0.2,50.4,-65.34,-65.57
273916,0.54,0.63,0.26,51.25,-58.57,-61.85
273928,0.6,0.58,0.31,47.53,-39.43,-61.24
273940,0.66,0.54,0.36,38.75,-9.37,-62.65
273952,0.67,0.48,0.4,28.57,21.43,-63.56
273964,0.63,0.47,0.46,14.12,49.47,-56.37
273976,0.64,0.36,0.39,8.82,78.32,-66.85
273988,0.6,0.28,0.38,9.24,93.01,-64.9
274147,0.5,0.85,0.23,-51.06,139.78,-25.02
274159,0.48,0.83,0.18,-54.66,126.67,-11.12
274171,0.44,0.83,0.11,-63.93,116.24,1.93
274183,0.37,0.78,0.07,-72.71,106.3,15.34
274207,0.22,0.7,-0.03,-87.83,71.0,35.34
274219,0.2,0.65,-0.09,-91.0,53.01,42.35
274231,0.2,0.63,-0.18,-90.88,40.45,43.21
274243,0.23,0.66,-0.23,-88.44,37.95,44.67
274255,0.25,0.68,-0.24,-92.59,45.88,46.87
274267,0.16,0.66,-0.26,-105.82,59.05,49.91
274279,0.18,0.54,-0.19,-105.7,79.35,54.98
274291,0.21,0.69,-0.24,-101.31,98.19,53.76
274303,0.11,1.34,-0.55,-115.7,97.83,44.18
274315,-0.14,1.96,-0.78,-137.22,89.6,55.04
274327,-0.31,2.02,-0.88,-153.99,84.6,54.79
274339,-0.34,1.51,-0.81,-144.54,80.15,63.63
274351,-0.27,1.11,-0.66,-113.68,65.51,60.52
274363,-0.04,1.1,-0.45,-83.62,60.21,51.99
274375,0.07,1.36,-0.44,-69.05,77.04,41.93
274387,-0.21,1.82,-0.62,-93.87,87.71,36.07
274399,-0.49,1.81,-0.86,-106.12,91.49,46.68
274411,-0.62,1.67,-0.83,-102.89,90.27,60.16
274423,-0.5,1.7,-0.76,-94.23,84.84,59.79
274583,-1.27,1.43,-1.31,14.79,-101.68,12.41
274595,-1.27,1.9,-1.81,75.89,-37.35,-17.95
274607,-1.19,2.16,-1.81,95.22,72.52,-34.11
274619,-1.26,2.03,-1.53,128.08,119.96,-48.68
274643,-0.97,2.27,-1.23,220.16,114.05,-71.06
274655,-0.87,2.35,-1.13,261.32,103.68,-76.06
274667,-0.76,2.4,-1.02,298.21,102.46,-79.35
274679,-0.65,2.37,-1.0,328.63,105.21,-84.78
274691,-0.56,2.35,-1.02,356.38,108.68,-89.29
274703,-0.47,2.36,-0.98,379.3,111.37,-92.77
274715,-0.39,2.38,-0.93,397.29,112.77,-93.5
274727,-0.37,2.37,-0.88,413.51,105.88,-90.21
274739,-0.45,2.4,-0.92,417.66,100.21,-90.82
274751,-0.39,2.29,-0.87,406.56,104.66,-76.85
274763,-0.26,2.12,-0.75,387.47,118.99,-59.23
274775,-0.11,2.06,-0.69,361.44,134.23,-48.07
274787,0.03,2.01,-0.6,328.63,147.65,-38.99
274799,0.04,1.93,-0.46,294.91,149.17,-33.19
274811,0.0,1.83,-0.31,267.29,135.27,-30.02
274823,-0.05,1.67,-0.18,239.06,113.93,-26.79
274835,-0.08,1.46,-0.07,212.11,94.9,-24.72
274847,-0.13,1.23,-0.03,186.99,79.9,-21.3
274859,-0.12,1.03,0.07,159.61,70.02,-14.05
275023,-0.19,0.31,0.25,-147.71,-59.98,-80.94
275035,-0.08,0.33,0.16,-163.44,-64.12,-84.41
275047,-0.06,0.41,0.1,-169.9,-62.72,-88.38
275059,-0.12,0.57,-0.03,-177.4,-66.74,-92.46
275083,-0.06,0.83,-0.22,-189.11,-85.46,-90.51
275095,0.12,0.92,-0.21,-180.27,-76.44,-91.49
275107,0.21,1.1,-0.18,-175.33,-59.49,-98.62
275119,0.18,1.32,-0.24,-180.76,-48.76,-103.56
275131,0.07,1.52,-0.39,-202.1,-44.49,-101.98
275143,0.02,1.59,-0.53,-227.04,-29.92,-97.34
275155,0.0,1.59,-0.63,-244.6,-9.43,-90.45
275167,-0.07,1.54,-0.63,-254.42,7.52,-80.63
275179,-0.16,1.49,-0.6,-261.12,10.33,-70.21
275191,-0.2,1.42,-0.64,-266.86,0.88,-57.65
275203,-0.09,1.25,-0.78,-270.51,-2.11,-42.77
275215,0.01,1.02,-0.74,-260.21,4.9,-31.12
275227,-0.06,0.85,-0.68,-241.67,10.15,-26.49
275239,-0.17,0.73,-0.63,-218.62,7.71,-25.76
275251,-0.24,0.72,-0.57,-196.18,-0.46,-20.15
275263,-0.24,0.75,-0.65,-183.32,-14.49,-16.91
275275,-0.14,0.75,-0.71,-175.94,-23.51,-6.49
275287,-0.07,0.69,-0.71,-171.92,-27.6,1.93
275299,-0.04,0.62,-0.7,-162.83,-34.55,7.35
275464,0.18,1.31,-0.22,-68.5,58.44,-33.99
275476,0.17,1.35,-0.22,-70.33,67.77,-36.24
275488,0.12,1.34,-0.34,-77.53,69.17,-35.15
275500,0.14,1.25,-0.38,-74.36,67.95,-29.23
